pid,ExternalLink
163-5499681432923633,https://stellolightstudio.com/collections/ceiling-lights/products/dub-modern-ceiling-3-lights
162-3672708711067046,https://stellolightstudio.com/collections/ceiling-lights/products/triny-5-lights
161-4811280808559335,https://stellolightstudio.com/collections/ceiling-lights/products/curo-5-lights
160-6754663770274332,https://stellolightstudio.com/collections/ceiling-lights/products/glowry-14-lights
159-1937317479960796,https://stellolightstudio.com/collections/ceiling-lights/products/binny-6-lights
158-5121418951551100,https://stellolightstudio.com/collections/ceiling-lights/products/luxe-25-lights
157-1369238668008113,https://stellolightstudio.com/collections/ceiling-lights/products/wan-4-lights
156-7768974150040837,https://stellolightstudio.com/collections/ceiling-lights/products/keen-3-lights
155-7674787910370346,https://stellolightstudio.com/collections/ceiling-lights/products/doppio-3-lights
154-8034071772145157,https://stellolightstudio.com/collections/ceiling-lights/products/nube-6-lights
153-5479002398204738,https://stellolightstudio.com/collections/ceiling-lights/products/lap-3-lights
152-6547187762843929,https://stellolightstudio.com/collections/ceiling-lights/products/plank-6-lights
151-9680488116440342,https://stellolightstudio.com/collections/ceiling-lights/products/scotty-7-lights
150-5752582085308084,https://stellolightstudio.com/collections/ceiling-lights/products/vally-beige-flush-mount-3-lights
149-4499259405798670,https://stellolightstudio.com/collections/ceiling-lights/products/mellow-4-lights
148-5635635168828075,https://stellolightstudio.com/collections/ceiling-lights/products/delta-8-lights
147-3928675950609924,https://stellolightstudio.com/collections/ceiling-lights/products/delta-6-lights
146-3468533677967154,https://stellolightstudio.com/collections/ceiling-lights/products/zublin-5-lights
145-315536169894346 ,https://stellolightstudio.com/collections/ceiling-lights/products/kapari-gold-ceiling-light-4-lights
144-8354398166407722,https://stellolightstudio.com/collections/ceiling-lights/products/zest-3-lights
143-4734180325858737,https://stellolightstudio.com/collections/chandelier/products/kiana-5-lights
142-5441166086420397,https://stellolightstudio.com/collections/chandelier/products/rito-6-lights
141-1091483739189609,https://stellolightstudio.com/collections/chandelier/products/anejo-modern-chandelier
140-4615591276349060,https://stellolightstudio.com/collections/chandelier/products/groof-5-lights
139-9274539369773772,https://stellolightstudio.com/collections/chandelier/products/oscuro-black-metal-and-crystal-chandelier-8-lights
138-6403295963996509,https://stellolightstudio.com/collections/chandelier/products/kiana-3-lights
137-6664097919069150,https://stellolightstudio.com/collections/chandelier/products/sl5204
136-4111054102196237,https://stellolightstudio.com/collections/chandelier/products/oscuro-black-metal-and-crystal-chandelier-1
135-8139381692724061,https://stellolightstudio.com/collections/chandelier/products/dub-ceiling-8-lights
134-2099027885677249,https://stellolightstudio.com/collections/chandelier/products/jandil-5-lights
133-9641067291819898,https://stellolightstudio.com/collections/chandelier/products/oscuro-black-metal-and-crystal-chandelier-4-lights
132-7433131277770650,https://stellolightstudio.com/collections/chandelier/products/netto-sl2404
131-8712899220729968,https://stellolightstudio.com/collections/chandelier/products/octavio-8-lights
130-6745420599272336,https://stellolightstudio.com/collections/chandelier/products/anejo-10-light-black
129-2426341323061245,https://stellolightstudio.com/collections/chandelier/products/taint-sl2379
128-3256191305864402,https://stellolightstudio.com/collections/chandelier/products/wan-sl2371
127-2236476598628101,https://stellolightstudio.com/collections/chandelier/products/zephyr-5-lights
126-7207277404266221,https://stellolightstudio.com/collections/chandelier/products/kiana-chrome-chandelier-5-lights
125-5126326770526322,https://stellolightstudio.com/collections/chandelier/products/zest-5-lights
124-5683015276702676,https://stellolightstudio.com/collections/chandelier/products/seedle-5-lights
123-6798703761386755,https://stellolightstudio.com/collections/crystal-collection/products/oscuro-black-metal-and-crystal-chandelier-8-lights
122-7155443403194428,https://stellolightstudio.com/collections/crystal-collection/products/sl5204
121-8256132175811799,https://stellolightstudio.com/collections/crystal-collection/products/oscuro-black-metal-and-crystal-chandelier-1
120-879108782313380,https://stellolightstudio.com/collections/crystal-collection/products/oscuro-black-metal-and-crystal-wall-light
119-765051375618235,https://stellolightstudio.com/collections/crystal-collection/products/octavio-8-lights
118-1614665771428621,https://stellolightstudio.com/collections/crystal-collection/products/oscuro-black-metal-and-crystal-chandelier-4-lights
117-7698302507409436,https://stellolightstudio.com/collections/crystal-collection/products/leche-white-glass-and-crystal-wall-light-2-lights
99-5312762785694025,https://stellolightstudio.com/collections/floor-lamps/products/twist-3
98-2754776815628446,https://stellolightstudio.com/collections/floor-lamps/products/kinga
97-3080764959514317,https://stellolightstudio.com/collections/floor-lamps/products/hampton
96-3066280003849147,https://stellolightstudio.com/collections/floor-lamps/products/renato
95-5146990691053959,https://stellolightstudio.com/collections/floor-lamps/products/floor-lamp-t0020
94-7752590612159327,https://stellolightstudio.com/collections/floor-lamps/products/modern-rgb-led-floor-lamp
116-1024189113568743,https://stellolightstudio.com/collections/crystal-collection/products/caster-sl2248
115-3021842720360468,https://stellolightstudio.com/collections/crystal-collection/products/zest-5-lights
114-2081503597396330,https://stellolightstudio.com/collections/crystal-collection/products/sparkler-cream-fabric-wall-light-2-lights
113-6353292161595514,https://stellolightstudio.com/collections/crystal-collection/products/tosca-2
112-2576504220110410,https://stellolightstudio.com/collections/crystal-collection/products/broolin-6-lights-1
111-7144377609146757,https://stellolightstudio.com/collections/crystal-collection/products/noir-wall-light
110-5535867729519686,https://stellolightstudio.com/collections/crystal-collection/products/oro
109-1802963933909501,https://stellolightstudio.com/collections/crystal-collection/products/linea-metal-crystal-chandelier-2
108-8463196621041795,https://stellolightstudio.com/collections/crystal-collection/products/ava-ceiling-6-light
107-3796327646999991,https://stellolightstudio.com/collections/crystal-collection/products/delmar
106-2591140538573838,https://stellolightstudio.com/collections/crystal-collection/products/vida-gold-crystal-and-metal-chandelier
105-4507352828420810,https://stellolightstudio.com/collections/crystal-collection/products/palacio-crystal-glass-and-gold-wall-light
104-4972090061437577,https://stellolightstudio.com/collections/crystal-collection/products/sparkler-black-fabric-table-lamp-3-lights
103-9590933293422170,https://stellolightstudio.com/collections/floor-lamps/products/cortez
102-4734191514384523,https://stellolightstudio.com/collections/floor-lamps/products/arquer-arch-floor-lamp
101-542855097270574,https://stellolightstudio.com/collections/floor-lamps/products/sparkler-black-fabric-floor-lamp-3-lights
100-5573744973719288,https://stellolightstudio.com/collections/floor-lamps/products/babe-alert-floor-lamp
93-3880576772509248,https://stellolightstudio.com/collections/floor-lamps/products/doron-modern-floor-lamp
92-9391980562576010,https://stellolightstudio.com/collections/floor-lamps/products/led-arch-floor-lamp
91-5607196541350181,https://stellolightstudio.com/collections/floor-lamps/products/agapito
90-354900813988572,https://stellolightstudio.com/collections/floor-lamps/products/spiral
89-2293721427687585,https://stellolightstudio.com/collections/floor-lamps/products/twist-4
88-5354344333309822,https://stellolightstudio.com/collections/floor-lamps/products/artiva
87-409484275159229,https://stellolightstudio.com/collections/floor-lamps/products/rivet
86-1765442406393889,https://stellolightstudio.com/collections/floor-lamps/products/twist
85-5520205886997722,https://stellolightstudio.com/collections/floor-lamps/products/maximiano
84-7218471858881210,https://stellolightstudio.com/collections/floor-lamps/products/odalis
83-3509488300438484,https://stellolightstudio.com/collections/led-filament-bulbs/products/stello-filament-led-bulb-e27-base-4-watt
82-655610933969097,https://stellolightstudio.com/collections/led-filament-bulbs/products/stello-filament-candle-led-bulb-e14-base
81-3071979130939067,https://stellolightstudio.com/collections/led-filament-bulbs/products/stello-filament-candle-led-bent-tip-bulb-e14-base
80-4800719215073321,https://stellolightstudio.com/collections/led-filament-bulbs/products/g4-led-bulb
79-1562319988107857,https://stellolightstudio.com/collections/led-filament-bulbs/products/g4-led-bulb-pack-of-5
78-7101190360519898,https://stellolightstudio.com/collections/led-lights/products/concealed-led-downlight
77-5165565855961733,https://stellolightstudio.com/collections/led-lights/products/curve-series-surface-panel-square-shape
76-828595260389664,https://stellolightstudio.com/collections/led-lights/products/curve-series-surface-panel-round-shape
75-884631601402512,https://stellolightstudio.com/collections/led-lights/products/curve-series-led-slim-panel-square-shape
74-5187269448480467,https://stellolightstudio.com/collections/led-lights/products/curve-series-led-slim-panel-round-shape
73-3388244061669210,https://stellolightstudio.com/collections/led-lights/products/cob-downlights
72-4921913224463783,https://stellolightstudio.com/collections/led-lights/products/flood-lights
71-5613799176533747,https://stellolightstudio.com/collections/led-lights/products/fandom-round-led-wall-light
70-716569780769241,https://stellolightstudio.com/collections/mirror-lights/products/retro-mirror-light-8-watt
69-3343993343646092,https://stellolightstudio.com/collections/mirror-lights/products/mirror-lights-t0003
68-4553298123876208,https://stellolightstudio.com/collections/mirror-lights/products/mirror-lights-t0001
67-5655705908978861,https://stellolightstudio.com/collections/mirror-lights/products/mirror-lights-t0004
66-2831146337343473,https://stellolightstudio.com/collections/mirror-lights/products/mirror-lights-t0005
65-6223758593613644,https://stellolightstudio.com/collections/mirror-lights/products/mirror-lights-t0006
64-619428571208147,https://stellolightstudio.com/collections/mirror-lights/products/mirror-lights-t0007
63-7900894656797104,https://stellolightstudio.com/collections/mirror-lights/products/mirror-lights-t0008
62-1525530842952321,https://stellolightstudio.com/collections/mirror-lights/products/mirror-lights-t0009
61-6883241953465118,https://stellolightstudio.com/collections/mirror-lights/products/parete-2-lights
60-9595128521043348,https://stellolightstudio.com/collections/mirror-lights/products/parete-4-lights
59-7691352596637961,https://stellolightstudio.com/collections/pendant-lamps/products/halen
58-925816486137521,https://stellolightstudio.com/collections/pendant-lamps/products/retro-antique-gold-metal-hanging-light
57-3897510230355186,https://stellolightstudio.com/collections/pendant-lamps/products/acorn-metal-gold-hanging-light
56-1902367020867184,https://stellolightstudio.com/collections/pendant-lamps/products/acorn-antique-metal-gold-hanging-light
55-7136372687131942,https://stellolightstudio.com/collections/pendant-lamps/products/wicker-antique-gold-metal-hanging-light
54-7600957087322522,https://stellolightstudio.com/collections/pendant-lamps/products/acorin-gold-metal-hanging-light
53-2161006152059157,https://stellolightstudio.com/collections/pendant-lamps/products/acorn-metal-antique-brass-hanging-light
52-2950076193354205,https://stellolightstudio.com/collections/pendant-lamps/products/acorn-metal-copper-hanging-lights
51-1614266131820106,https://stellolightstudio.com/collections/pendant-lamps/products/acorn-antique-brass-metal-hanging-lights
50-7533337659914912,https://stellolightstudio.com/collections/pendant-lamps/products/danish-antique-copper-metal-hanging-lights
49-1038493933898526,https://stellolightstudio.com/collections/pendant-lamps/products/acorn-antique-gold-metal-hanging-light
48-4273153585060883,https://stellolightstudio.com/collections/pendant-lamps/products/acorn-copper-metal-hanging-light
47-4277413100621865,https://stellolightstudio.com/collections/pendant-lamps/products/acorn-gold-metal-hanging-light
46-8281801535327227,https://stellolightstudio.com/collections/pendant-lamps/products/ikea-copper-metal-hanging-light
45-1784580078089300,https://stellolightstudio.com/collections/pendant-lamps/products/acorn-antique-brass-metal-hanging-light
44-314242868978496,https://stellolightstudio.com/collections/pendant-lamps/products/danish-antique-copper-metal-hanging-light
43-619581088017311,https://stellolightstudio.com/collections/pendant-lamps/products/danish-antique-brass-metal-hanging-light
42-8559546040696169,https://stellolightstudio.com/collections/pendant-lamps/products/wicker-antique-bronze-metal-hanging-light
41-7105093542251659,https://stellolightstudio.com/collections/pendant-lamps/products/marcio
40-8421870246704501,https://stellolightstudio.com/collections/pendant-lamps/products/facil
39-649605253020353,https://stellolightstudio.com/collections/table-lamps/products/adoria-table-lamp
38-7911612878639833,https://stellolightstudio.com/collections/table-lamps/products/domingo-antique-table-lamp
37-354148013913811,https://stellolightstudio.com/collections/table-lamps/products/enriqueta-antique-table-lamps
36-5809572858391663,https://stellolightstudio.com/collections/table-lamps/products/sparkler-black-fabric-table-lamp-3-lights
35-5615981601390323,https://stellolightstudio.com/collections/table-lamps/products/agapito-table-lamp
34-6061924597679094,https://stellolightstudio.com/collections/table-lamps/products/facil-table-lamp
33-8099381535707246,https://stellolightstudio.com/collections/table-lamps/products/emigdio
32-8403531776808484,https://stellolightstudio.com/collections/table-lamps/products/dimas
31-1848337628248467,https://stellolightstudio.com/collections/table-lamps/products/rocio-table-lamp
30-3865333671441602,https://stellolightstudio.com/collections/table-lamps/products/capistran
29-9680932169496656,https://stellolightstudio.com/collections/table-lamps/products/dorita-table-lamp
28-549901618140127,https://stellolightstudio.com/collections/table-lamps/products/candelas
27-5220933825682461,https://stellolightstudio.com/collections/table-lamps/products/perpetua-table-lamp
26-8029311170970037,https://stellolightstudio.com/collections/table-lamps/products/severino
25-3875240356209013,https://stellolightstudio.com/collections/table-lamps/products/oriana-antique-table-lamp
24-7807489631707463,https://stellolightstudio.com/collections/table-lamps/products/primitivo-modern-table-lamp
23-2464363120414681,https://stellolightstudio.com/collections/table-lamps/products/frayl-table-lamp
22-2528456652891154,https://stellolightstudio.com/collections/table-lamps/products/vivid-table-lamp
21-1972443620455629,https://stellolightstudio.com/collections/table-lamps/products/diyas-elena-crystal-table-lamp
20-3484171807477086,https://stellolightstudio.com/collections/table-lamps/products/t-8027
19-625636841462798,https://stellolightstudio.com/collections/wall-lamps/products/frayl-antique-wall-light
18-9396963791293950,https://stellolightstudio.com/collections/wall-lamps/products/perla-champagne-glass-and-crystal-wall-light
17-4222188673683252,https://stellolightstudio.com/collections/wall-lamps/products/leche-white-glass-and-crystal-wall-light-2-lights
16-2382652788475430,https://stellolightstudio.com/collections/wall-lamps/products/leche-white-glass-and-crystal-wall-light
15-5807206756574042,https://stellolightstudio.com/collections/wall-lamps/products/palacio-crystal-glass-and-gold-wall-light
14-5206131786986155,https://stellolightstudio.com/collections/wall-lamps/products/palacio-gold-glass-and-crystal-wall-light
13-9188145062644716,https://stellolightstudio.com/collections/wall-lamps/products/mervin-antique-copper-metal-wall-lights
12-4746334178415978,https://stellolightstudio.com/collections/wall-lamps/products/mervin-antique-metal-copper-metal-wall-light
11-9412998998798742,https://stellolightstudio.com/collections/wall-lamps/products/mervin-antique-brass-metal-wall-lights
10-7432434709063995,https://stellolightstudio.com/collections/wall-lamps/products/riva-gold-metal-wall-lights
9-2937030194732298,https://stellolightstudio.com/collections/wall-lamps/products/mullan-antique-brass-metal-wall-lights
8-760408139122313,https://stellolightstudio.com/collections/wall-lamps/products/mervin-antique-copper-metal-wall-lights-1
7-3297376672632675,https://stellolightstudio.com/collections/wall-lamps/products/mullan-antique-copper-metal-wall-light
6-7103466844954338,https://stellolightstudio.com/collections/wall-lamps/products/riva-gold-metal-wall-light
5-3255580693041893,https://stellolightstudio.com/collections/wall-lamps/products/mullan-antique-brass-metal-wall-light
4-2233606554292313,https://stellolightstudio.com/collections/wall-lamps/products/mervin-antique-copper-metal-wall-light
3-5932077479839037,https://stellolightstudio.com/collections/wall-lamps/products/mervin-antique-brass-metal-wall-light
2-8374155263394660,https://stellolightstudio.com/collections/wall-lamps/products/parete-2-lights
1-6098087359644544,https://stellolightstudio.com/collections/wall-lamps/products/parete-4-lights
0-1770425306773362,https://stellolightstudio.com/collections/wall-lamps/products/adalina
